<?xml version="1.0" encoding="UTF-8"?>
<project-private xmlns="http://www.netbeans.org/ns/project-private/1">
    <editor-bookmarks xmlns="http://www.netbeans.org/ns/editor-bookmarks/2" lastBookmarkId="0"/>
    <open-files xmlns="http://www.netbeans.org/ns/projectui-open-files/2">
        <group>
            <file>file:/Applications/XAMPP/xamppfiles/htdocs/web/feedback.php</file>
            <file>file:/Applications/XAMPP/xamppfiles/htdocs/web/index.php</file>
            <file>file:/Applications/XAMPP/xamppfiles/htdocs/web/Templates/header.php</file>
            <file>file:/Applications/XAMPP/xamppfiles/htdocs/web/PHP-Login/css/bootstrap.css</file>
            <file>file:/Applications/XAMPP/xamppfiles/htdocs/web/about.html</file>
            <file>file:/Applications/XAMPP/xamppfiles/htdocs/web/upload.php</file>
            <file>file:/Applications/XAMPP/xamppfiles/htdocs/web/fashion.html</file>
            <file>file:/Applications/XAMPP/xamppfiles/htdocs/web/Templates/footer.php</file>
            <file>file:/Applications/XAMPP/xamppfiles/htdocs/web/PHP-Login/index.php</file>
            <file>file:/Applications/XAMPP/xamppfiles/htdocs/web/PHP-Login/.gitmodules</file>
            <file>file:/Applications/XAMPP/xamppfiles/htdocs/web/images/2.png</file>
            <file>file:/Applications/XAMPP/xamppfiles/htdocs/web/images/Logo.jpg</file>
            <file>file:/Applications/XAMPP/xamppfiles/htdocs/web/Quiz/grade.php</file>
            <file>file:/Applications/XAMPP/xamppfiles/htdocs/web/admin2.php</file>
            <file>file:/Applications/XAMPP/xamppfiles/htdocs/web/images/arrows.png</file>
            <file>file:/Applications/XAMPP/xamppfiles/htdocs/web/Templates/EditorPageHeader.php</file>
            <file>file:/Applications/XAMPP/xamppfiles/htdocs/web/EditorPage.html</file>
            <file>file:/Applications/XAMPP/xamppfiles/htdocs/web/EditorPage.php</file>
            <file>file:/Applications/XAMPP/xamppfiles/htdocs/web/images/3.jpg</file>
            <file>file:/Applications/XAMPP/xamppfiles/htdocs/web/connection.php</file>
            <file>file:/Applications/XAMPP/xamppfiles/htdocs/web/PHP-Login/css/main.css</file>
            <file>file:/Applications/XAMPP/xamppfiles/htdocs/web/PHP-Login/README.md</file>
            <file>file:/Applications/XAMPP/xamppfiles/htdocs/web/Login.php</file>
            <file>file:/Applications/XAMPP/xamppfiles/htdocs/web/Quiz/css/style.css</file>
            <file>file:/Applications/XAMPP/xamppfiles/htdocs/web/index.html</file>
            <file>file:/Applications/XAMPP/xamppfiles/htdocs/web/contact.php</file>
            <file>file:/Applications/XAMPP/xamppfiles/htdocs/web/css/style.css</file>
            <file>file:/Applications/XAMPP/xamppfiles/htdocs/web/images/2.jpg</file>
            <file>file:/Applications/XAMPP/xamppfiles/htdocs/web/lifestyle.html</file>
            <file>file:/Applications/XAMPP/xamppfiles/htdocs/web/images/Quotes/Quote1.gif</file>
            <file>file:/Applications/XAMPP/xamppfiles/htdocs/web/features.html</file>
            <file>file:/Applications/XAMPP/xamppfiles/htdocs/web/css/flexslider.css</file>
            <file>file:/Applications/XAMPP/xamppfiles/htdocs/web/images/Quotes/Quote2.jpg</file>
            <file>file:/Applications/XAMPP/xamppfiles/htdocs/web/Quiz/index.php</file>
            <file>file:/Applications/XAMPP/xamppfiles/htdocs/web/contact.html</file>
            <file>file:/Applications/XAMPP/xamppfiles/htdocs/web/css/bootstrap.min.css</file>
        </group>
    </open-files>
</project-private>
